col_1,col_2,col_3,col_4,col_5,target
0.548813504,0.715189366,0.602763376,0.544883183,1.3179527420000001,4.232344976
0.645894113,0.437587211,0.891773001,0.963662761,1.329360212,5.235632365
0.791725038,0.52889492,0.568044561,0.925596638,1.0969394810000002,5.245755835
0.0871293,0.020218397,0.832619846,0.778156751,0.8528382430000001,2.990405337
0.978618342,0.799158564,0.461479362,0.780529176,1.260637926,6.951112363
0.639921021,0.143353287,0.944668917,0.521848322,1.088022204,4.724175544
0.264555612,0.774233689,0.456150332,0.568433949,1.2303840209999999,3.70928655
0.617635497,0.612095723,0.616933997,0.943748079,1.22902972,4.528747941
0.359507901,0.437031954,0.697631196,0.060225472,1.13466315,5.227293693
0.67063787,0.210382561,0.128926298,0.315428351,0.33930885899999996,2.971600339
0.57019677,0.438601513,0.988373838,0.102044811,1.426975351,4.737248846
0.161309518,0.653108325,0.253291603,0.466310773,0.906399928,3.917185619
0.158969584,0.110375141,0.656329589,0.138182951,0.7667047300000001,4.135356219
0.368725171,0.82099323,0.097101276,0.837944907,0.918094506,1.897837372
0.976459465,0.468651202,0.976761088,0.60484552,1.4454122900000002,6.575485458
0.039187792,0.282806963,0.120196561,0.296140198,0.403003524,2.836475141
0.317983179,0.414262995,0.064147496,0.692472119,0.478410491,3.141447034
0.265389491,0.523248053,0.093940511,0.575946496,0.617188564,2.501077845
0.318568952,0.66741038,0.131797862,0.716327204,0.799208242,3.667809891
0.183191362,0.586512935,0.020107546,0.828940029,0.606620481,4.318371337
0.677816537,0.270007973,0.735194022,0.962188545,1.005201995,5.609230055
0.576157334,0.592041931,0.572251906,0.223081633,1.164293837,3.996639224
0.447125379,0.846408672,0.699479275,0.297436951,1.545887947,7.596332876
0.396505741,0.881103197,0.581272873,0.881735362,1.46237607,4.890473673
0.72525428,0.501324382,0.956083635,0.643990199,1.4574080170000001,7.77271848
0.606393214,0.019193198,0.301574817,0.660173537,0.320768015,3.132935951
0.618015429,0.428768701,0.135474064,0.298282326,0.5642427649999999,3.953746771
0.590872761,0.574325249,0.65320082,0.65210327,1.227526069,7.058457524
0.896546596,0.36756187,0.435864925,0.891923355,0.803426795,3.173324174
0.703888584,0.100226887,0.919482614,0.7142413,1.019709501,5.316799729
0.149448305,0.868126057,0.162492935,0.615559564,1.030618992,5.499296023
0.848008229,0.807318959,0.569100739,0.407183297,1.3764196979999999,7.370758034
0.697428773,0.453542683,0.722055599,0.866382326,1.1755982820000002,5.82086633
0.855803342,0.011714084,0.359978064,0.729990562,0.371692148,2.163488065
0.521036606,0.054337988,0.199996525,0.018521794,0.254334513,2.11179377
0.223924688,0.345351681,0.928081293,0.704414402,1.2734329739999999,4.284348294
0.164694156,0.621478401,0.577228589,0.237892821,1.1987069899999998,3.034370915
0.613965956,0.535632803,0.589909976,0.73012203,1.1255427789999999,5.770948929
0.398221062,0.209843749,0.186193006,0.94437239,0.396036755,2.236051
0.490458809,0.227414628,0.254356482,0.05802916,0.48177111,1.907074625
0.311795882,0.696343489,0.377751839,0.179603678,1.0740953279999998,4.618577777
0.067249631,0.679392773,0.453696845,0.536579211,1.133089618,3.483575074
0.990338947,0.216896984,0.663078203,0.263322377,0.879975187,7.063240745
0.758378654,0.320017151,0.383463894,0.588317114,0.703481045,3.980091892
0.628981844,0.872650655,0.273542035,0.798046834,1.1461926900000001,6.547172005
0.952791657,0.687488276,0.215507677,0.94737059,0.902995953,4.017276751
0.253941643,0.213311977,0.518200714,0.025662718,0.731512691,3.833971238
0.424685469,0.37416998,0.463575424,0.277628706,0.8377454040000001,5.669882552
0.863855606,0.117531856,0.517379107,0.132068106,0.634910963,4.420914191
0.396059703,0.565421312,0.183279836,0.144847759,0.748701148,4.357950313
0.355612738,0.940431945,0.765325254,0.74866362,1.705757199,4.855490459
0.083422435,0.55219247,0.584476069,0.961936379,1.136668539,4.868461301
0.24082878,0.100293942,0.01642963,0.929529317,0.116723572,0.878644036
0.785152912,0.281730106,0.586410166,0.063955266,0.868140272,5.526138783
0.97749514,0.876505245,0.338158952,0.961570155,1.214664197,6.804807041
0.949318822,0.941377705,0.799202587,0.630447937,1.740580292,5.663330991
0.293020285,0.848943555,0.617876692,0.013236858,1.4668202469999998,5.160775263
0.148140861,0.98182939,0.478370307,0.497391365,1.460199697,4.485227839
0.368584606,0.136900272,0.822117733,0.189847912,0.959018005,4.58850515
0.224317029,0.097844484,0.862191517,0.972919489,0.960036001,2.250400184
0.906555499,0.774047333,0.333145152,0.08110139,1.107192485,4.377324937
0.232234142,0.132487635,0.053427182,0.725594364,0.18591481699999998,2.077560619
0.770580749,0.146946645,0.079522083,0.089603034,0.22646872799999998,2.47698221
0.24536721,0.420539467,0.557368791,0.860551174,0.977908258,2.893813444
0.270327905,0.131482799,0.05537432,0.301598634,0.18685711900000002,0.903384123
0.456140567,0.683281336,0.695625446,0.283518847,1.378906782,6.842899981
0.181150962,0.788545512,0.056848076,0.696997242,0.845393588,1.11576398
0.777407562,0.259422564,0.373813138,0.587599635,0.633235702,3.616906755
0.370852799,0.19705428,0.459855884,0.044612301,0.656910164,2.942628731
0.076956447,0.518835149,0.3068101,0.577542949,0.825645249,3.124638153
0.645570244,0.035362436,0.43040244,0.510016852,0.465764876,3.62261702
0.681392511,0.277596098,0.128860565,0.392675677,0.40645666300000005,4.621358078
0.187130892,0.903983955,0.54380595,0.456911422,1.447789905,5.815218643
0.458603962,0.724167637,0.399025322,0.904044393,1.123192959,4.098330653
0.699622054,0.327720402,0.756778643,0.636061055,1.084499045,6.667469827
0.160538822,0.796391475,0.959166603,0.458138827,1.755558078,5.688250083
0.857722644,0.457223453,0.951874477,0.575751162,1.4090979300000002,7.330800651
0.908843718,0.815523819,0.159414463,0.628898439,0.9749382820000001,6.473379798
0.062712952,0.424032252,0.258684067,0.849038308,0.6827163190000001,3.509573809
0.958982722,0.355368848,0.35670689,0.016328503,0.712075738,5.221989227
0.401259501,0.929291417,0.09961493,0.945301533,1.028906347,1.757315336
0.454162397,0.326700882,0.232744129,0.614464706,0.559445011,2.718401439
0.015606064,0.428795722,0.068074074,0.251940988,0.496869796,1.002520526
0.253191194,0.131055231,0.012036223,0.115484297,0.143091454,2.272561244
0.974256213,0.990345002,0.409054095,0.162954426,1.3993990969999999,7.39641229
0.490305347,0.989409777,0.065304207,0.783234438,1.054713984,4.471163035
0.24141862,0.662504572,0.246063185,0.665859118,0.908567757,4.249045343
0.424088988,0.554687809,0.28705152,0.706574706,0.841739329,3.010830996
0.36054556,0.828656915,0.924966912,0.046007311,1.7536238270000002,7.541214023
0.348519369,0.814966479,0.985491428,0.968971705,1.800457907,7.17890655
0.296556265,0.992011243,0.249420041,0.105906155,1.241431284,2.883619618
0.233420255,0.689768265,0.058356359,0.730709099,0.748124624,3.11361688
0.272436895,0.379056896,0.374296183,0.748788258,0.753353079,3.886387243
0.171853099,0.449291649,0.304468407,0.839189122,0.753760056,4.102869359
0.502389457,0.9425836,0.633997698,0.867289405,1.576581298,6.895909033
0.750764862,0.69957506,0.967965567,0.99440079,1.6675406270000002,8.478821095
0.070869778,0.292794031,0.152354706,0.417486375,0.445148737,-0.102786859
0.604117804,0.382808059,0.895385884,0.967794672,1.278193943,5.56479116
0.27482357,0.592230419,0.896761158,0.406733346,1.488991577,5.770872632
0.271652768,0.455444149,0.401713535,0.248413465,0.857157684,3.18674976
0.310380826,0.373034864,0.524970442,0.750595023,0.898005306,3.750705893
0.924158767,0.862318547,0.048690296,0.253642524,0.911008843,4.052638109
0.104627889,0.348475989,0.740097526,0.680514481,1.088573515,4.951239326
0.710528403,0.204923687,0.341698115,0.676242482,0.546621802,2.411414777
0.543678054,0.282699651,0.030235258,0.710336829,0.312934909,2.181570704
0.37267907,0.530537215,0.922111462,0.089494545,1.452648677,6.098568344
0.0243132,0.342610984,0.622231059,0.279067948,0.964842043,3.709320822
0.115703233,0.577140244,0.695270006,0.671957141,1.27241025,3.796182905
0.002703214,0.647196654,0.600392237,0.58873961,1.247588891,5.747795263
0.016871673,0.696482431,0.81367865,0.509807197,1.510161081,5.151781511
0.790840163,0.097242926,0.442035638,0.519952375,0.539278564,2.202697489
0.090885732,0.227759502,0.410301563,0.623294673,0.638061065,3.307557238
0.618826168,0.133461471,0.980580133,0.871785735,1.114041604,5.557025835
0.922347982,0.541380794,0.923306068,0.829897369,1.4646868620000002,7.065121059
0.919782811,0.036033817,0.174772004,0.389134677,0.210805821,2.55088364
0.300028919,0.160467644,0.886304666,0.446394415,1.04677231,5.022116399
0.160230466,0.661117512,0.440263753,0.076486769,1.101381265,4.011625436
0.247398756,0.039615523,0.059944298,0.061078537,0.09955982099999999,0.079921689
0.739883918,0.898062357,0.672582311,0.528939929,1.570644668,5.445098645
0.997962251,0.362189059,0.470648949,0.378245175,0.832838008,5.268539409
0.174658385,0.327988001,0.680348666,0.063207618,1.008336667,2.536468732
0.477646503,0.283999977,0.238413281,0.514512743,0.522413258,3.880653785
0.456519891,0.337477382,0.970493694,0.133439432,1.3079710759999998,4.85358574
0.343391729,0.591026901,0.659176472,0.397256747,1.250203373,4.246956026
0.351892996,0.721406668,0.637582695,0.813053863,1.358989363,4.436437081
0.889793656,0.764561974,0.698248478,0.33549817,1.462810452,5.503189479
0.062636003,0.241901704,0.432281481,0.521996274,0.674183185,1.807504484
0.958740923,0.11732048,0.10700414,0.589694723,0.22432462,2.413834396
0.84815038,0.93583208,0.983426242,0.399801692,1.919258322,6.109897928
0.147808677,0.684934439,0.656761958,0.862062596,1.341696397,2.532241012
0.497776908,0.58108193,0.24155704,0.169025406,0.82263897,2.989162838
0.058534922,0.470620904,0.115834001,0.457058761,0.586454905,2.875665404
0.423706353,0.857124918,0.117315564,0.271252077,0.974440482,2.58760986
0.39981214,0.671383479,0.344718127,0.713766868,1.0161016059999999,4.116308141
0.399161145,0.431760128,0.6145277,0.07004219,1.046287828,5.982270288
0.653421161,0.726342464,0.536923001,0.110477111,1.263265465,4.310153137
0.405373583,0.32104299,0.029950325,0.737254243,0.350993315,1.455321269
0.606308133,0.703217496,0.634786323,0.959142252,1.338003819,5.118261566
0.867167159,0.029190235,0.534916855,0.404243618,0.5641070899999999,4.853540024
0.365099877,0.190566915,0.019122897,0.518149814,0.209689812,1.842264854
0.373215956,0.222863818,0.080532003,0.085310923,0.303395821,2.354812226
0.100014061,0.265039698,0.066149462,0.065604867,0.33118916,3.756162128
0.162120261,0.559682406,0.773455544,0.456409565,1.33313795,6.726585139
0.199596142,0.432984206,0.528234089,0.349440292,0.961218295,3.712036558
0.751021649,0.927211807,0.028952549,0.895691291,0.956164356,4.197496961
0.878372495,0.690784776,0.987348757,0.759282452,1.678133533,6.329668459
0.501063173,0.376389155,0.364911836,0.260904499,0.7413009909999999,1.876776468
0.681739945,0.277340271,0.524379811,0.117380294,0.801720082,4.243378378
0.046806355,0.970731443,0.003860352,0.178579968,0.974591795,1.72185298
0.081369599,0.881896503,0.719620158,0.966389971,1.601516661,6.312264768
0.300403683,0.549500573,0.930818717,0.520761437,1.48031929,5.180864666
0.877398789,0.371918749,0.00138335,0.247685022,0.373302099,2.293143829
0.858777468,0.458503167,0.444587288,0.336102266,0.9030904550000001,3.318733048
0.945026777,0.991890329,0.376741267,0.966147446,1.368631596,8.482843133
0.675689148,0.244889479,0.216457261,0.166047825,0.46134674,3.710705326
0.294076662,0.453094245,0.493957834,0.778171595,0.947052079,3.213337156
0.139072701,0.42690436,0.842854888,0.818033306,1.269759248,5.081425066
0.156383349,0.304198692,0.075359069,0.424663003,0.379557761,2.849890357
0.568217594,0.24655694,0.596433065,0.117525643,0.8429900050000001,3.334013194
0.932561204,0.391796939,0.242178594,0.250398213,0.633975533,5.915826283
0.039992802,0.639705106,0.408302908,0.377406573,1.048008014,2.600137661
0.70903546,0.954333815,0.35193624,0.897542765,1.3062700550000002,5.511455845
0.357424652,0.621665436,0.288569958,0.874399917,0.9102353940000001,2.083747048
0.212434361,0.183033292,0.403026002,0.74523296,0.586059294,0.047561482
0.487676324,0.000545965,0.425401725,0.063553775,0.42594769,3.688688224
0.932393939,0.215398204,0.858337639,0.802893372,1.0737358430000001,6.030035138
0.605711957,0.115661872,0.727888158,0.637462277,0.84355003,2.736101183
0.479384549,0.914863088,0.049348947,0.292888565,0.9642120350000001,2.260152944
0.418109212,0.172951354,0.107210745,0.817339111,0.280162099,2.929276868
0.882283672,0.733289134,0.409726206,0.373511014,1.1430153399999998,5.452744461
0.889059953,0.73727858,0.005152964,0.694157851,0.742431544,5.44201075
0.71045576,0.177005782,0.483518127,0.140316018,0.660523909,4.522588142
0.937117042,0.923305308,0.282836852,0.339631044,1.20614216,5.708934568
0.963197295,0.147801334,0.256916644,0.873556827,0.40471797800000003,3.429795148
0.898961092,0.185517898,0.532668587,0.326269633,0.7181864849999999,3.93007658
0.446876964,0.433077449,0.35734688,0.91497077,0.7904243289999999,3.720159903
0.727546991,0.28991345,0.577709424,0.779179433,0.867622874,4.574687047
0.344530461,0.770872757,0.735893897,0.141506486,1.506766654,6.782771451
0.44132147,0.486410449,0.448369179,0.567846001,0.934779628,3.971932562
0.498179566,0.866788543,0.627734756,0.401427949,1.494523299,6.931219278
0.810838615,0.348191943,0.211454796,0.059383188,0.559646739,4.432704532
0.918546451,0.120120182,0.334473741,0.17537207,0.454593923,3.716111022
0.899866743,0.056877259,0.980485663,0.096450861,1.037362922,4.579339583
0.566506107,0.367917488,0.342342377,0.757364143,0.710259865,3.445657478
0.657318917,0.517326084,0.484965645,0.901162171,1.002291729,2.900404018
0.826861603,0.725573534,0.038557246,0.773110053,0.76413078,2.778051171
0.903149647,0.042924191,0.333072034,0.099732947,0.375996225,3.997778337
0.820022436,0.29818736,0.150934897,0.330267036,0.449122257,3.633239329
0.140383958,0.227362449,0.068851964,0.705710044,0.296214413,1.235054242
0.310839977,0.71862639,0.335977542,0.727771273,1.054603932,3.819036138
0.217662843,0.973818697,0.162357948,0.290840907,1.136176645,3.266812623
0.345505656,0.480060888,0.522175869,0.853606042,1.002236757,3.707085369
0.220103861,0.622894032,0.111496057,0.45896986,0.734390089,3.720125565
0.316500745,0.482584242,0.729827636,0.069182659,1.212411878,5.476744016
0.734813775,0.176499389,0.939160909,0.506312224,1.115660298,4.384552859
0.197259474,0.534908198,0.290248043,0.304173557,0.825156241,3.359088557
0.921719067,0.805263856,0.723941399,0.559173782,1.529205255,7.294958124
0.492361407,0.873832178,0.833981644,0.213835347,1.7078138219999999,8.590819397
0.012171157,0.322829538,0.229567445,0.506862958,0.5523969830000001,0.153548956
0.097676367,0.514922202,0.938412022,0.228646551,1.453334224,4.710637888
0.592880271,0.010063696,0.475826196,0.708770391,0.485889892,4.092882248
0.879521483,0.520081417,0.030661048,0.224413612,0.550742465,2.330999185
0.582319733,0.107472568,0.287544502,0.456703626,0.39501706999999997,5.022856811
0.411615514,0.489458635,0.243677875,0.588639,0.73313651,2.087374213
0.235834224,0.6204999,0.639622243,0.948540301,1.260122143,4.920779266
0.84834527,0.490419908,0.185348587,0.995815293,0.675768495,4.468892171
0.471457319,0.068093099,0.943850857,0.964924941,1.011943956,5.803634508
0.349992844,0.254382401,0.265303325,0.127294025,0.519685726,3.239554674
0.141817276,0.316730667,0.626706476,0.72754361,0.9434371429999999,3.278574919
0.430115984,0.652124595,0.853245976,0.475324782,1.5053705709999998,7.142796664
0.265632548,0.013508707,0.483752865,0.256113795,0.497261572,1.752150186
0.232772672,0.310629218,0.791227431,0.715143252,1.1018566490000001,4.027365581
0.704948062,0.418636864,0.005310048,0.011355129,0.423946912,3.143689366
0.08329098,0.05107548,0.965516639,0.85900264,1.016592119,5.691451914
0.000664219,0.941667795,0.278325298,0.185897603,1.219993093,3.711461779
0.108903739,0.264649598,0.97509468,0.639462774,1.2397442779999999,4.02179346
0.397918615,0.774500955,0.140957477,0.967337802,0.9154584320000001,4.892941908
0.617656983,0.04290619,0.700855649,0.913284341,0.7437618389999999,2.902655102
0.354224822,0.120277345,0.754901104,0.885021851,0.875178449,5.927067584
0.758984555,0.017060486,0.967054918,0.615058021,0.984115404,4.453287552
0.295949834,0.929291672,0.265905627,0.828146613,1.195197299,5.084345638
0.783396646,0.51898992,0.066074264,0.472413789,0.5850641839999999,4.314751333
0.202796041,0.423587637,0.357757884,0.163684261,0.781345521,3.892420583
0.262799956,0.522062421,0.03516006,0.90623142,0.557222481,2.459430051
0.552581333,0.851808583,0.962395074,0.110522294,1.814203657,7.55969826
0.997994001,0.987889169,0.603322992,0.12802087,1.591212161,5.719766978
0.002064636,0.198911335,0.95612316,0.330440573,1.155034495,3.644536276
0.280859495,0.947821887,0.72855873,0.329651158,1.676380617,7.044064258
0.108165524,0.39231894,0.221218128,0.683726447,0.6135370680000001,2.941529547
0.397025832,0.27664973,0.506342919,0.349897681,0.7829926489999999,2.611491227
0.024577024,0.633986921,0.23057129,0.268709029,0.864558211,3.220378991
0.955568394,0.31655021,0.82680527,0.103990838,1.14335548,6.420039488
0.7510323,0.155977928,0.426002388,0.892707164,0.581980316,5.424926776
0.018096358,0.590585379,0.435531541,0.798689249,1.02611692,3.131673856
0.299153645,0.388404117,0.486272086,0.58815146,0.8746762029999999,3.188750718
0.697330251,0.389548507,0.263767686,0.944625718,0.653316193,2.694933801
0.720265853,0.925395025,0.664665587,0.42305444,1.590060612,5.876100656
0.367475322,0.706871809,0.649534224,0.927976167,1.356406033,5.828651331
0.816150752,0.911450875,0.276337153,0.36952354,1.187788028,4.767661602
0.560450589,0.66821823,0.286716683,0.019462467,0.954934913,5.347126456
0.30852796,0.942184719,0.888265041,0.860310678,1.83044976,6.369371177
0.344289165,0.548849267,0.815225041,0.098610369,1.3640743080000002,7.13002197
0.041179791,0.816421031,0.807563804,0.051007309,1.623984835,6.179603351
0.502453074,0.169819503,0.148378938,0.773259126,0.318198441,2.366264035
0.982999135,0.982247777,0.992666993,0.118615518,1.97491477,7.732981013
0.244569609,0.45821226,0.757406556,0.203620932,1.2156188159999999,5.222516407
0.185816748,0.104736107,0.116558612,0.357639035,0.221294719,1.197598243
0.424853921,0.664197105,0.401688185,0.085794601,1.06588529,5.081134501
0.278116513,0.169312691,0.965094973,0.151230225,1.134407664,4.413703692
0.586107942,0.56928692,0.512080716,0.971763076,1.081367636,3.474769631
0.787915751,0.555294107,0.395633668,0.955465933,0.950927775,5.099470094
0.118916942,0.417539201,0.781581728,0.693747023,1.199120929,4.756565645
0.259377384,0.758193716,0.459875207,0.573609747,1.218068923,4.876729107
0.97928632,0.861590964,0.359097088,0.887700836,1.220688052,6.985384045
0.42999678,0.035742683,0.770128124,0.502105581,0.805870807,3.108093472
0.748022799,0.793567368,0.300651159,0.800798599,1.094218527,2.6976022
0.4733262,0.675125914,0.021358683,0.102316816,0.696484597,3.532491876
0.98299011,0.139745779,0.330596301,0.051053065,0.47034208,4.11351528
0.320326287,0.946807171,0.845154087,0.382764219,1.7919612580000002,6.384634128
0.831031114,0.660536177,0.152364484,0.996071271,0.812900661,4.423726896
0.867114542,0.294266164,0.435353466,0.795456527,0.72961963,3.310660631
0.937864374,0.621140325,0.097810161,0.884360363,0.718950486,2.024193159
0.711870451,0.053733547,0.396222745,0.167435819,0.449956292,1.476921074
0.700528623,0.883077597,0.966575107,0.774747614,1.849652704,7.958951605
0.614769886,0.037129604,0.014251515,0.342103875,0.051381118999999996,2.780645059
0.866134706,0.960812529,0.065121469,0.044571111,1.025933998,4.485674485
0.305046698,0.557987401,0.982444883,0.400448535,1.540432284,7.027773041
0.400879564,0.768194664,0.527714726,0.237523138,1.29590939,4.622870051
0.258059213,0.532320328,0.703189016,0.9492799,1.235509344,4.870396451
0.781192844,0.168926116,0.374062625,0.41378022,0.5429887409999999,4.361975259
0.295891976,0.303291921,0.355889155,0.810302082,0.6591810760000001,3.058396221
0.07527728,0.0782461,0.371286944,0.766591051,0.449533044,1.328762287
0.707982355,0.767210066,0.287152713,0.548256282,1.0543627789999999,4.000903395
0.739632501,0.956870569,0.277989945,0.793281673,1.234860514,5.369308364
0.580237871,0.774879779,0.944032466,0.036691418,1.718912245,8.443347038
0.756287232,0.083791353,0.516123701,0.219860777,0.599915054,2.257788731
0.701840483,0.030192773,0.873319428,0.444478955,0.903512201,5.846867759
0.540047964,0.645544295,0.344856587,0.101107491,0.990400882,4.67980215
0.168142118,0.556133179,0.318028631,0.958067178,0.87416181,2.307686031
0.620125881,0.617497268,0.985378565,0.887283151,1.6028758330000001,7.015884093
0.313590612,0.365539028,0.201266766,0.487148127,0.566805794,2.324829924
0.912150953,0.118349434,0.025190289,0.898637668,0.143539723,1.332371
0.200189888,0.67365327,0.644223178,0.122085607,1.3178764479999998,4.458797187
0.060077964,0.209860474,0.132305675,0.193236292,0.342166149,0.022672749
0.049499744,0.101854615,0.134173638,0.316541121,0.23602825300000002,-1.130265701
0.255063785,0.750536653,0.998022788,0.533977924,1.748559441,6.90506512
0.396610112,0.106682447,0.408773829,0.296127773,0.515456276,3.792852333
0.657043677,0.461050219,0.935160512,0.884764822,1.396210731,8.071229121
0.489684912,0.131687282,0.397013667,0.704401539,0.528700949,1.851107789
0.103988078,0.907898458,0.70905081,0.615276427,1.616949268,7.915239932
0.835646038,0.483458998,0.881188251,0.916419011,1.364647249,8.172728808
0.60754536,0.526584029,0.537945779,0.937663094,1.064529808,6.370100957
0.983433978,0.902131215,0.458722889,0.817453264,1.360854104,5.722486763
0.67789497,0.319833889,0.196450992,0.671527697,0.516284881,2.53884395
0.016252789,0.642803375,0.442873025,0.898087755,1.0856763999999999,1.794050384
0.474184812,0.514767104,0.140439521,0.712892303,0.655206625,3.245588259
0.057909277,0.291388821,0.038044682,0.956544105,0.329433503,0.748560818
0.964200419,0.531494278,0.802068524,0.374413984,1.3335628019999999,6.892948458
0.378267817,0.657862134,0.359453151,0.900367452,1.017315285,3.333416604
0.030426515,0.19362329,0.112249993,0.042364047,0.305873283,1.76359334
0.44679332,0.836990365,0.221824031,0.493945256,1.058814396,4.635041968
0.667214707,0.79807902,0.55099397,0.980466459,1.34907299,4.788519274
0.045510714,0.1979828,0.404773629,0.601277173,0.602756429,2.258176398
0.413086126,0.710058305,0.789869503,0.317260197,1.499927808,6.40050968
0.649656495,0.880998061,0.555937689,0.741603107,1.43693575,8.174499484
0.908248379,0.150349757,0.558283424,0.428378513,0.708633181,4.596460573
0.105094694,0.982573889,0.875451324,0.073826282,1.858025213,5.719307354
0.7175595,0.738151546,0.906494125,0.799865436,1.6446456710000001,6.959287087
0.498434786,0.701785763,0.138436841,0.193990798,0.8402226039999999,3.62475076
0.298245799,0.86255925,0.586277322,0.348665198,1.448836572,5.395683344
0.804878449,0.998354877,0.847307688,0.414456535,1.845662565,6.152580389
0.840640908,0.059757918,0.350271207,0.919737981,0.410029125,2.930063504
0.640564594,0.688648317,0.042454489,0.514480341,0.731102806,2.823583198
0.340100746,0.068596835,0.2289076,0.357983937,0.297504435,1.541109434
0.590926726,0.722391519,0.317631873,0.32895376,1.040023392,6.740517906
0.04087486,0.257821694,0.740244998,0.62831383,0.998066692,2.983904186
0.768919436,0.856567468,0.720319266,0.979010919,1.576886734,8.426759343
0.586717166,0.58815767,0.03426704,0.998526578,0.62242471,4.23559365
0.740347197,0.821015195,0.373054529,0.196852055,1.194069724,6.119455915
0.748606006,0.452653529,0.713717759,0.915407649,1.1663712880000001,5.713154054
0.919171001,0.41162646,0.30526701,0.943062261,0.71689347,4.94868284
0.198892218,0.656838347,0.106495314,0.650914004,0.763333661,2.344360953
0.684498547,0.417333142,0.38306636,0.393122415,0.800399502,3.606802826
0.88156727,0.929066157,0.05352962,0.181622395,0.982595777,4.016589821
0.193334641,0.346607811,0.506531683,0.629461227,0.8531394939999999,3.726521035
0.890111541,0.989088437,0.662856479,0.845364519,1.6519449160000002,7.189143727
0.307532039,0.87569227,0.042763138,0.000367344,0.918455408,3.173608375
0.46209753,0.638362895,0.101770267,0.673010134,0.740133162,4.666593623
0.18531292,0.415125255,0.51998499,0.451807018,0.935110245,2.991193052
0.960522398,0.798953164,0.077992818,0.804935572,0.8769459820000001,5.365240455
0.235970385,0.153096897,0.197519107,0.528315127,0.35061600400000004,1.199380271
0.470321282,0.959695639,0.24029232,0.76314023,1.199987959,3.188703736
0.562066111,0.456222502,0.596184447,0.42880977,1.0524069489999999,3.451587067
0.416933952,0.40046971,0.695346468,0.092851213,1.095816178,4.325110535
0.851198472,0.771077347,0.281453727,0.377268933,1.052531074,5.771055383
0.818077225,0.6143463,0.221490179,0.044251971,0.835836479,5.00694046
0.672627139,0.828480491,0.852689006,0.032775901,1.681169497,7.00076462
0.339094588,0.188732211,0.802975378,0.767465763,0.991707589,5.074709032
0.982926478,0.144058541,0.899651703,0.116463254,1.043710244,6.072898503
0.6962192,0.109569692,0.565845095,0.420233536,0.675414787,3.723037539
0.900675239,0.769871515,0.849689876,0.032945449,1.619561391,8.364455794
0.515433087,0.415953315,0.231254953,0.307874098,0.647208268,4.39163983
0.29418088,0.35390411,0.003709774,0.845077627,0.357613884,2.680940578
0.204144276,0.255264517,0.884622057,0.206451411,1.139886574,4.405697369
0.80804934,0.927020569,0.115561314,0.217278972,1.042581883,5.427113269
0.196000754,0.286329547,0.16674158,0.172696686,0.453071127,-0.211289202
0.109683062,0.321697618,0.42659391,0.024548117,0.748291528,3.085901541
0.094122436,0.493578531,0.825738189,0.818422162,1.31931672,5.332935586
0.601227758,0.834586382,0.237972543,0.761926511,1.072558925,4.810080032
0.806124151,0.107301032,0.00906,0.19172411,0.116361032,1.748118666
0.616182991,0.384273175,0.703407031,0.353074961,1.087680206,6.503586816
0.312689843,0.884324226,0.958532344,0.207512734,1.84285657,7.019244042
0.273348737,0.887131543,0.165545613,0.665959919,1.052677156,3.730736619
0.973893324,0.700633345,0.841815739,0.566669339,1.5424490839999998,7.176012893
0.621882391,0.528741512,0.469384355,0.759450251,0.9981258669999999,5.741632118
0.171172048,0.431842651,0.320747916,0.074124518,0.752590567,2.628404089
0.771602807,0.5439215,0.979324537,0.072600067,1.5232460369999998,6.257918894
0.266370392,0.36859892,0.219279385,0.789037891,0.587878305,2.406896542
0.840016698,0.661577648,0.059023245,0.810981732,0.720600893,5.608573079
0.90498232,0.748722306,0.561120927,0.836547181,1.309843233,5.999929153
0.546950062,0.29361682,0.968204391,0.226196301,1.261821211,6.463339782
0.325854842,0.502509397,0.028362934,0.5592483,0.530872331,1.994578873
0.704732194,0.622968323,0.955961751,0.958279334,1.578930074,6.825469546
0.607741847,0.487764559,0.013316113,0.606261906,0.501080672,2.171200442
0.81810105,0.340604644,0.152047025,0.784058614,0.492651669,2.049900073
0.967046792,0.874842362,0.555662625,0.101284247,1.430504987,6.671489542
0.313695054,0.512408482,0.301701575,0.861822992,0.8141100569999999,4.089877605
0.315465157,0.599581346,0.430180858,0.909092757,1.029762204,5.726590748
0.697728402,0.970375328,0.17527552,0.201966428,1.145650848,5.449554362
0.779153925,0.490549055,0.609686465,0.212682409,1.10023552,4.651839796
0.112071881,0.321421925,0.284779705,0.44462536,0.6062016299999999,3.073032958
0.181267662,0.401388247,0.615597219,0.946557086,1.016985466,4.483118114
0.917876617,0.081053789,0.480741397,0.454589867,0.561795186,5.400243379
0.347459668,0.454165268,0.865211463,0.955064145,1.319376731,7.607871449
0.87009979,0.608171586,0.349087342,0.194194208,0.957258928,6.175671461
0.522824283,0.044443388,0.145841166,0.600184424,0.190284554,1.369585195
0.837326376,0.32694225,0.104834207,0.083530589,0.431776457,2.915586787
0.118020311,0.140909764,0.862666058,0.25428813,1.003575822,5.267374676
0.816725687,0.60718064,0.957488543,0.708882899,1.564669183,6.777254332
0.558410027,0.718186526,0.80195724,0.026321335,1.520143766,6.338725128
0.825680821,0.746833811,0.512349146,0.458020963,1.2591829570000002,6.575599898
0.704643699,0.922914291,0.617035211,0.887834306,1.539949502,7.716777167
0.068336377,0.50082819,0.286486348,0.285174928,0.787314538,3.008013487
0.314732772,0.57860998,0.6836015,0.268749387,1.26221148,2.207181664
0.058808721,0.575752845,0.186130166,0.009247994,0.761883011,2.928762607
0.537140419,0.09244818,0.842921112,0.983202738,0.935369292,4.411260632
0.042489608,0.117545941,0.381653747,0.885522637,0.499199688,0.988311028
0.823990094,0.01497626,0.457388699,0.644397141,0.47236495900000003,3.54659393
0.614762751,0.944404121,0.16025992,0.729611383,1.104664041,5.824241696
0.185116389,0.006203415,0.009284451,0.532092409,0.015487866000000001,-0.703896405
0.644298627,0.714299846,0.493865487,0.581888943,1.208165333,6.996881733
0.87682062,0.760792629,0.998198953,0.297722948,1.7589915820000002,9.007545039
0.125161658,0.964209757,0.780885185,0.166324614,1.7450949420000001,7.200656949
0.413768208,0.151486008,0.162072985,0.963469995,0.313558993,1.115577785
0.941439292,0.075610673,0.460803042,0.129619049,0.536413715,3.701680325
0.553766074,0.113894105,0.722024531,0.698116376,0.8359186359999999,3.954477714
0.941742143,0.721043408,0.297970264,0.709233764,1.019013672,5.238836526
0.342226331,0.375588562,0.359106508,0.616618444,0.73469507,3.18543958
0.173193236,0.87519961,0.027653157,0.660338596,0.9028527670000001,2.765249047
0.791281552,0.721198113,0.480107807,0.643864037,1.20130592,5.488661326
0.811518471,0.476083986,0.52315599,0.250520586,0.999239976,4.932292542
0.302904809,0.577284015,0.169678116,0.159469092,0.7469621310000001,3.283857986
0.426819515,0.268109265,0.13159685,0.039210539,0.399706115,0.532537191
0.27155029,0.461853442,0.726243281,0.474871701,1.1880967230000001,5.320212381
0.035219805,0.180660622,0.338514493,0.577496188,0.519175115,3.663751143
0.350201952,0.267988683,0.061889169,0.821303478,0.329877852,2.824427474
0.571550195,0.983555418,0.001594571,0.145450141,0.9851499890000001,3.154247701
0.805127485,0.769247119,0.536998891,0.978856981,1.30624601,7.110599915
0.601943698,0.063369005,0.40985745,0.722500088,0.47322645500000005,5.323052062
0.943827589,0.686783368,0.287575383,0.768998923,0.974358751,4.855750553
0.974774423,0.049285259,0.933455891,0.252853878,0.9827411500000001,6.552260108
7.37e-05,0.254240089,0.749100607,0.532336071,1.003340696,6.058650493
0.393629746,0.375549355,0.568162244,0.667977072,0.943711599,5.216852161
0.497231397,0.392021717,0.143976534,0.804822965,0.535998251,4.297154683
0.408677397,0.51843231,0.665182844,0.16480559,1.183615154,3.938157547
0.317503699,0.59558502,0.486606091,0.692554627,1.082191111,4.60380768
0.488442467,0.134267024,0.850628,0.574990327,0.9848950240000001,5.174167106
0.704664654,0.968211771,0.295307322,0.705306773,1.263519093,6.05948104
0.395410721,0.230594637,0.344010176,0.948296752,0.574604813,3.648153601
0.245990606,0.583137978,0.258035957,0.473385726,0.841173935,3.429714032
0.230400314,0.426691412,0.610489735,0.545628925,1.037181147,2.870439669
0.680370254,0.739946242,0.966955948,0.414438025,1.70690219,8.514675441
0.04386243,0.184204307,0.237189632,0.183504467,0.421393939,1.967956636
0.535882981,0.667633801,0.820462161,0.230773941,1.488095962,5.177899381
0.708360267,0.392758946,0.02927094,0.434955219,0.422029886,3.471076953
0.409021512,0.332248916,0.989525083,0.644415564,1.321773999,6.325870117
0.102019531,0.787849445,0.708074933,0.921915799,1.495924378,5.936921679
0.11492435,0.724072526,0.203395842,0.176103838,0.927468368,2.928814439
0.816825141,0.539536605,0.045850355,0.463894675,0.58538696,5.070067164
0.538368438,0.572450218,0.224777328,0.847739332,0.797227546,4.264423476
0.713246013,0.981864217,0.428198658,0.881066613,1.410062875,5.294925248
0.033407293,0.590279922,0.311449396,0.248276567,0.901729318,1.540693992
0.318402935,0.728947696,0.569195972,0.789035973,1.298143668,4.333100664
0.842934859,0.414644149,0.421273396,0.92626588,0.835917545,2.245272458
0.080467184,0.542186954,0.35600726,0.98743499,0.8981942140000001,2.950964425
0.612180873,0.723623094,0.288906771,0.973641518,1.012529865,4.679815165
0.915652841,0.019232059,0.569872151,0.294650242,0.58910421,2.960824031
0.632849657,0.538877004,0.11458817,0.540222805,0.653465174,2.795239415
0.955912309,0.58505101,0.967400602,0.961606116,1.552451612,9.089862707
0.505907984,0.466021744,0.890378561,0.028256683,1.356400305,6.07868678
0.102071729,0.756935325,0.339651024,0.637968545,1.096586349,5.368897073
0.38582797,0.531567722,0.645138534,0.94095033,1.1767062560000001,4.761961823
0.614367512,0.067855818,0.952215815,0.528081928,1.020071633,5.064383022
0.050291063,0.420910136,0.256975459,0.266975899,0.677885595,0.191960325
0.623866725,0.439745312,0.01058574,0.964927943,0.450331052,3.338601092
0.21755221,0.041346372,0.530199363,0.951410815,0.571545735,3.78049923
0.584662864,0.303548851,0.329960884,0.897913551,0.6335097350000001,3.057447771
0.131116229,0.248425476,0.276794901,0.123546685,0.525220377,1.804384266
0.916050908,0.668782543,0.072473924,0.005494818,0.7412564669999999,4.941381521
0.362692935,0.776749669,0.967005524,0.387567173,1.743755193,6.187359883
0.994901907,0.745666584,0.636189549,0.078074854,1.3818561329999999,5.989237444
0.913392158,0.201005482,0.843590359,0.696323685,1.044595841,6.121260365
0.52917427,0.542806469,0.714053785,0.516555941,1.256860254,4.936731738
0.773454672,0.406272497,0.96309389,0.283513782,1.369366387,7.229160279
0.333507396,0.572317016,0.89486974,0.17628164,1.4671867559999998,5.043135285
0.581679843,0.454334242,0.447322887,0.820734262,0.901657129,5.825162881
0.481306966,0.687351795,0.801058711,0.51836641,1.4884105060000001,6.885367847
0.638084598,0.5851091,0.90156282,0.052407037,1.48667192,6.703598954
0.534432028,0.015676116,0.344702179,0.724333564,0.360378295,1.621070487
0.980159037,0.422610074,0.32663523,0.821671934,0.749245304,3.476935315
0.682326579,0.805702338,0.671427546,0.422407495,1.477129884,5.570233326
0.580248167,0.897433327,0.418892427,0.910725235,1.316325754,4.09616272
0.620841562,0.832988476,0.56459711,0.090969339,1.397585586,7.33946731
0.245849302,0.710505329,0.505113439,0.478772637,1.2156187680000001,4.985743183
0.722150766,0.112788265,0.990453309,0.845373537,1.103241574,6.815107894
0.424552956,0.286464632,0.501591471,0.879417462,0.788056103,5.453930729
0.500537459,0.234549902,0.337149114,0.190260509,0.5716990160000001,4.359927102
0.571497446,0.732815124,0.098249913,0.36611755,0.831065037,4.18405671
0.084438326,0.165483228,0.62541761,0.622788994,0.790900838,2.755946333
0.935492764,0.141986475,0.259373819,0.427461406,0.401360294,4.083739783
0.069814303,0.226491278,0.481101964,0.251522738,0.707593242,2.954648065
0.324272876,0.924622812,0.974787261,0.449861534,1.8994100729999999,7.06091209
0.291666133,0.776333682,0.273349708,0.380582868,1.04968339,3.490533772
0.575111116,0.99610044,0.232209755,0.353423703,1.228310195,6.146579351
0.361113437,0.100804517,0.359809767,0.887865031,0.460614284,3.94134228
0.37193478,0.944474164,0.728378996,0.516738715,1.6728531599999998,6.215699315
0.123179649,0.464490353,0.118236129,0.233618145,0.582726482,1.675767159
0.361801239,0.38163932,0.947308582,0.264125731,1.328947902,6.355924506
0.811379404,0.815617586,0.750343187,0.287833762,1.565960773,6.435807917
0.186211595,0.188399523,0.435841213,0.738592221,0.624240736,3.284663298
0.886683221,0.830908798,0.031605443,0.568419043,0.862514241,6.129444212
0.961575144,0.023236627,0.531103771,0.204781362,0.5543403979999999,3.699440817
0.587488525,0.772604144,0.774865449,0.03028841,1.547469593,6.616764509
0.044509627,0.247838647,0.192880703,0.215182579,0.44071934999999995,3.593751084
0.277418042,0.962279911,0.35240712,0.894172515,1.314687031,4.478135985
0.763746867,0.061345536,0.462761229,0.00551044,0.524106765,3.703611992
0.950486036,0.035107371,0.933846361,0.773853891,0.9689537319999999,4.799864156
0.908876551,0.296257271,0.409295312,0.096711262,0.705552583,3.640871569
0.029600829,0.484905275,0.68319185,0.821237601,1.168097125,2.867847912
0.754090366,0.719077024,0.559570534,0.584644598,1.2786475579999999,8.828943524
0.600471043,0.381522207,0.867580851,0.313098882,1.249103058,6.387584104
0.4265714,0.876261938,0.253916667,0.07880236,1.130178605,4.451719733
0.412896617,0.589098359,0.026389332,0.952109791,0.615487691,1.641581347
0.623867901,0.017029842,0.377976474,0.978796538,0.395006316,0.98603816
0.160987861,0.460596749,0.966737744,0.534708174,1.427334493,5.812455232
0.619772084,0.271216531,0.098845952,0.402908445,0.370062483,2.30342575
0.017040718,0.559046809,0.511203147,0.793908383,1.070249956,4.258027113
0.55345043,0.742009304,0.897145872,0.380034576,1.639155176,7.6138411
0.694610903,0.043270676,0.800760508,0.377430185,0.844031184,5.734350913
0.471664066,0.702339143,0.724330979,0.191571013,1.426670122,5.905492365
0.851323438,0.235567201,0.75818347,0.633825113,0.9937506709999999,6.064092822
0.260246577,0.154277778,0.312121015,0.257958778,0.466398793,1.82427442
0.733109304,0.669684901,0.216379114,0.861806807,0.886064015,3.489343369
0.531605818,0.649372731,0.500692099,0.283557715,1.15006483,4.675914955
0.313420523,0.190850004,0.901923633,0.858398134,1.092773637,5.576053329
0.367251413,0.939078357,0.222373469,0.553541959,1.161451826,5.04772944
0.191202197,0.604026933,0.662183653,0.580995819,1.2662105860000001,4.830606663
0.993405221,0.763861842,0.465091784,0.833934669,1.228953626,6.461190828
0.683270696,0.518337787,0.178065886,0.972933617,0.6964036730000001,5.241326643
0.615423406,0.878594238,0.506688844,0.11513785,1.385283082,4.090974792
0.353213767,0.983066869,0.883825446,0.853449333,1.8668923149999999,5.93586203
0.757129778,0.986329063,0.526321612,0.470732155,1.5126506750000002,6.565499433
0.700203769,0.858477569,0.247457186,0.315024577,1.105934755,5.666026325
0.072080157,0.089642476,0.421110759,0.261218953,0.510753235,1.882257544
0.454386298,0.976273397,0.94425982,0.139730152,1.920533217,8.517720522
0.080206662,0.50763547,0.1639099,0.365892145,0.67154537,-0.66847787
0.424505479,0.806951288,0.718815711,0.942839446,1.525766999,3.814660408
0.802147954,0.322907106,0.345745845,0.400510464,0.668652951,3.38819732
0.103253221,0.519098939,0.096803219,0.889762136,0.615902158,4.818338225
0.44969443,0.284694066,0.154869416,0.783836691,0.43956348200000006,2.37288037
0.14594789,0.632765641,0.792555167,0.77333222,1.425320808,3.118964405
0.685512719,0.716023921,0.862166267,0.508044339,1.578190188,6.607732536
0.965116325,0.796512256,0.558730991,0.330617071,1.355243247,7.172187262
0.455436389,0.092685192,0.454904273,0.871968396,0.547589465,3.970767827
0.014349148,0.611485324,0.995830003,0.817248584,1.607315327,6.317023192
0.914398887,0.813581682,0.498639353,0.591220285,1.312221035,6.028296024
0.846426164,0.058176402,0.774803857,0.44750344,0.832980259,5.645386258
0.764633011,0.539501925,0.158514851,0.409526832,0.698016776,4.935449231
0.689300691,0.953706182,0.795252812,0.389786423,1.748958994,6.865998371
0.304200676,0.5410456,0.300726906,0.738324757,0.8417725060000001,3.310845012
0.96402039,0.661948732,0.068777848,0.010777764,0.73072658,4.052900662
0.220505578,0.312562748,0.208414014,0.928101772,0.520976762,0.506813052
0.504386324,0.557650814,0.317872847,0.614175002,0.8755236610000001,2.696120056
0.199228146,0.6566051,0.373840569,0.785066379,1.0304456690000001,1.545008881
0.508271375,0.787466479,0.447878093,0.966221135,1.235344572,5.254792484
0.826430405,0.953920467,0.388850629,0.580080264,1.3427710959999999,5.772351474
0.673458484,0.952936795,0.288348634,0.291361529,1.241285429,5.020089011
0.799305642,0.203356624,0.570046878,0.745763734,0.773403502,4.454464919
0.434382251,0.575396612,0.467108558,0.75304239,1.04250517,4.982657756
0.434632524,0.337581375,0.609164053,0.775958442,0.946745428,3.646082288
0.158059734,0.665081624,0.738402441,0.588201777,1.403484065,6.438585329
0.499461489,0.136292335,0.68629106,0.602075522,0.8225833949999999,2.560734737
0.545853635,0.93909571,0.129156397,0.073197299,1.068252107,4.411970786
0.24499021,0.592946319,0.612425249,0.232601877,1.205371568,4.620174884
0.482061853,0.453110766,0.803545295,0.47169307,1.2566560610000002,6.387514259
0.166481132,0.531967344,0.824104776,0.177716584,1.3560721199999999,4.73029769
0.609079316,0.184774575,0.756765606,0.078996248,0.9415401809999999,5.868275639
0.468221494,0.336123086,0.116807007,0.432596643,0.45293009300000003,2.178173866
0.094487279,0.306269095,0.836017583,0.646181026,1.142286678,4.350047068
0.160909796,0.904485026,0.287020221,0.179500169,1.191505247,4.034278393
0.309191828,0.124740188,0.46175763,0.43434511,0.586497818,3.53773098
0.134204947,0.091136406,0.092978671,0.904287466,0.18411507700000002,1.766881961
0.150606528,0.593830098,0.537623356,0.198406748,1.1314534539999999,3.628455978
0.340231234,0.238370768,0.510400611,0.291649262,0.748771379,2.028286253
0.879722408,0.155762577,0.280589977,0.38613838,0.436352554,2.367990839
0.210710643,0.771146097,0.329016159,0.112512958,1.100162256,4.216107279
0.125488497,0.357519607,0.881826762,0.369161195,1.239346369,4.83419701
0.514625536,0.137724846,0.649069598,0.856034997,0.786794444,4.179636671
0.753680089,0.690211282,0.866660575,0.104091932,1.556871857,6.319464193
0.694291487,0.022017979,0.734075678,0.857978579,0.756093657,5.186680437
0.434329903,0.278468962,0.00505187,0.186303517,0.283520832,1.547835632
0.867286077,0.266504639,0.963748857,0.367712616,1.230253496,4.755646969
0.152807635,0.90161107,0.986992491,0.327411404,1.888603561,7.113768224
0.33530341,0.104990739,0.392692307,0.551569961,0.497683046,3.103774263
0.818272775,0.497363117,0.234382953,0.592759579,0.73174607,4.209927021
0.327624349,0.701476324,0.42785918,0.964051169,1.1293355040000002,4.60133537
0.356350903,0.017747959,0.657519895,0.197872159,0.675267854,3.623197215
0.931776451,0.99994897,0.269888821,0.301768552,1.269837791,4.889225968
0.457684776,0.86584376,0.701505952,0.846331558,1.567349712,7.850677664
0.730456067,0.918526628,0.281416114,0.690653544,1.199942742,5.015662893
0.290226645,0.969623469,0.34863323,0.107849681,1.318256699,6.350701787
0.447678291,0.752210825,0.949914267,0.817056984,1.7021250920000002,6.397517259
0.47506013,0.719316568,0.309049585,0.069587109,1.028366153,5.310943678
0.697915228,0.27462211,0.861405896,0.79077285,1.1360280059999999,5.905500019
0.330836762,0.825302618,0.24393779,0.331602146,1.069240408,4.213646969
0.801042028,0.037030266,0.073786983,0.578451548,0.110817249,1.069531328
0.63288532,0.266461276,0.909582677,0.760941887,1.176043953,6.909303734
0.783905477,0.969582372,0.942435621,0.735483798,1.912017993,8.665272565
0.576076766,0.284232729,0.970212944,0.717485725,1.254445673,5.795453423
0.695088043,0.437979129,0.372736751,0.935799579,0.81071588,5.402435465
0.041436132,0.400840154,0.790340353,0.648468358,1.191180507,4.535334334
0.106201868,0.911546302,0.368849194,0.474002585,1.280395496,6.632245007
0.116452281,0.247796456,0.742271569,0.023007542,0.990068025,4.962057326
0.025210169,0.857388057,0.617324828,0.169928662,1.474712885,4.761174745
0.966800597,0.934560375,0.921547548,0.007810215,1.8561079230000002,9.781854398
0.256632617,0.564647214,0.318030289,0.153666543,0.882677503,3.540184417
0.495096327,0.989765507,0.042387884,0.301155199,1.032153391,6.134932152
0.659695498,0.826683032,0.660290919,0.759536309,1.486973951,6.522262129
0.204877693,0.810003861,0.567820655,0.139505194,1.377824516,5.031840221
0.95858591,0.346163873,0.293512252,0.081775178,0.639676125,4.223680747
0.958961618,0.13599269,0.485159631,0.098238185,0.621152321,4.666046515
0.664501051,0.867687175,0.337570536,0.875765174,1.205257711,6.831657032
0.237960682,0.901606727,0.508509894,0.608192384,1.410116621,5.50763804
0.12838991,0.055790813,0.90500074,0.134794964,0.960791553,3.937440293
0.351034699,0.800597496,0.365043547,0.26768404,1.165641043,4.070576057
0.280706591,0.471479717,0.817508799,0.452514955,1.2889885159999999,6.031568823
0.541633011,0.02494563,0.4153673,0.688899107,0.44031293,2.265226981
0.698629951,0.503697305,0.025737776,0.774352949,0.529435081,1.842472598
0.082493503,0.475214033,0.287292882,0.879681543,0.762506915,1.797554193
0.941687071,0.546132749,0.32361371,0.813545017,0.8697464589999999,4.351299624
0.413962496,0.629618303,0.778584264,0.851557794,1.408202567,5.706682584
0.166077089,0.828389553,0.058629059,0.200170682,0.887018612,4.10501114
0.114692525,0.603347595,0.307965691,0.429466585,0.911313286,2.69404705
0.070173568,0.500758753,0.963599444,0.611783348,1.464358197,6.694149625
0.956149834,0.389237252,0.697517734,0.634112805,1.0867549859999999,4.232376072
0.914602694,0.148004056,0.085685875,0.809642328,0.233689931,5.250563858
0.492973604,0.690761274,0.06978828,0.219804398,0.760549554,1.750960225
0.601160584,0.197539894,0.059846316,0.302207283,0.25738621,2.232413149
0.577863724,0.330724965,0.833478876,0.276269108,1.164203841,5.264237831
0.559947411,0.47821564,0.445972661,0.155785619,0.924188301,3.553117662
0.259018917,0.392179883,0.733570448,0.936862826,1.125750331,5.305267958
0.405633895,0.593033139,0.746497816,0.41422105,1.3395309549999999,6.633572635
0.135243296,0.736260801,0.838508591,0.316584411,1.5747693919999999,5.661117249
0.610213058,0.784083046,0.411337383,0.747576364,1.195420429,6.4274097
0.088757985,0.550578918,0.454328726,0.252879887,1.004907644,3.710625323
0.382853306,0.039126111,0.38213574,0.424509808,0.421261851,1.347847939
0.799183208,0.199966586,0.839029226,0.247927228,1.038995812,5.475195572
0.076818454,0.055356313,0.680860121,0.923341085,0.736216434,2.515650264
0.844093712,0.79375125,0.664678723,0.978228931,1.4584299729999999,7.188370838
0.274844394,0.789014246,0.692661646,0.399520447,1.4816758920000002,5.28821122
0.21435953,0.797237892,0.248485288,0.997857983,1.04572318,3.740190691
0.477222481,0.57043669,0.610872724,0.96894482,1.181309414,4.023888484
0.272395803,0.709591048,0.239857983,0.871297162,0.9494490309999999,4.70235315
0.1808394,0.047620761,0.59559504,0.82528219,0.643215801,2.53129282
0.917539486,0.75773427,0.061300682,0.572632997,0.8190349520000001,3.284007402
0.202372305,0.334544379,0.458278894,0.048077821,0.792823273,5.872967622
0.164004389,0.379235754,0.747357459,0.831303659,1.126593213,3.042171502
0.751906036,0.670709958,0.890687392,0.968791254,1.56139735,7.586121821
0.080673861,0.799730129,0.162170873,0.194574524,0.961901002,1.045556041
0.938964897,0.318471244,0.8421681,0.85885691,1.160639344,6.510538677
0.566088448,0.575838409,0.301289188,0.618867039,0.8771275970000001,4.252962394
0.17763229,0.412950454,0.705780423,0.621427687,1.118730877,4.164859667
0.646455911,0.14131405,0.161218213,0.09306714,0.302532263,0.998182815
0.597950901,0.838286475,0.893867652,0.400043887,1.7321541269999998,6.42770089
0.809199592,0.312070521,0.595669004,0.174082511,0.907739525,4.130725991
0.17307226,0.46242639,0.396819692,0.433264824,0.8592460820000001,2.14657883
0.136043342,0.275665328,0.239580039,0.734296203,0.515245367,1.109356981
0.584482994,0.091333798,0.566261854,0.079237026,0.6575956519999999,5.14314069
0.352596115,0.240544919,0.594647681,0.928642488,0.8351926,4.196626725
0.767360862,0.95089311,0.634091081,0.577730941,1.584984191,8.254593029
0.865805257,0.388099035,0.795336225,0.652256935,1.18343526,5.088410417
0.013688411,0.20991999,0.699988765,0.57969031,0.909908755,3.025788613
0.434302471,0.661148766,0.12708614,0.432279581,0.788234906,1.623346247
0.54260102,0.52191368,0.367726685,0.762733629,0.889640365,2.931394089
0.035538473,0.42025934,0.89669425,0.277569351,1.31695359,4.627518817
0.928208394,0.168223255,0.374840537,0.72901551,0.543063792,3.439842346
0.229849528,0.397667234,0.787364815,0.910983353,1.185032049,6.579513791
0.165108127,0.958601289,0.592791292,0.551410269,1.551392581,5.685231862
0.039783298,0.013836251,0.96749405,0.828570686,0.981330301,3.725951665
0.15570077,0.476603923,0.937293539,0.933599596,1.413897462,5.949850056
0.752491409,0.006237766,0.984301728,0.416967202,0.9905394940000001,5.487781581
0.367746809,0.293187291,0.316291964,0.730679067,0.609479255,1.794519809
0.864057692,0.590572694,0.969911026,0.987084903,1.5604837200000001,6.752589824
0.955782054,0.046538486,0.027863724,0.943864577,0.07440221,3.561591345
0.147247673,0.442415815,0.494092528,0.860281237,0.936508343,4.901900604
0.774566424,0.485096845,0.648413702,0.73540936,1.133510547,5.855313512
0.001737827,0.099908074,0.363660441,0.061197447,0.463568515,2.777326871
0.389566848,0.920233537,0.567071855,0.706351281,1.4873053920000001,7.450930963
0.442129321,0.001962145,0.285336025,0.8141587,0.28729817,1.589763461
0.351509581,0.293991253,0.924505211,0.351073736,1.218496464,5.467328605
0.280309235,0.097918799,0.501236312,0.923231837,0.599155111,3.080411017
0.208826625,0.682429573,0.768361144,0.320760562,1.4507907169999998,4.711573014
0.681953131,0.160353145,0.96410094,0.451251961,1.124454085,6.147801086
0.189573866,0.483773546,0.165853654,0.010180822,0.6496272,1.350204966
0.403187337,0.431130738,0.886505155,0.635677264,1.317635893,5.748047493
0.9879977,0.614224332,0.322662965,0.691310881,0.9368872970000001,4.840406362
0.881167694,0.896511262,0.3673504,0.562339051,1.263861662,6.350817892
0.626636752,0.992346962,0.832588518,0.3664099,1.8249354800000002,6.205807248
0.966681987,0.389584779,0.293380893,0.316335393,0.6829656719999999,3.754542408
0.956751399,0.986622321,0.296126727,0.351468708,1.282749048,7.941040818
0.008187289,0.174836563,0.936059021,0.029435237,1.110895584,4.150274298
0.420647017,0.731450249,0.26887823,0.305965591,1.000328479,4.179301861
0.872601927,0.226097606,0.562401826,0.999931147,0.7884994320000001,4.003532591
0.336350655,0.76545897,0.953915707,0.373537807,1.7193746769999998,6.830111978
0.075804263,0.895296837,0.096256725,0.372925096,0.991553562,3.602297322
0.263577642,0.649269326,0.554428727,0.71718524,1.203698053,4.21711419
0.54601389,0.8121854,0.810696346,0.714239975,1.622881746,6.521873063
0.673261101,0.08688029,0.471317201,0.8601435,0.558197491,3.325972148
0.941683106,0.262178521,0.096301802,0.626613436,0.358480323,3.350846423
0.782135363,0.256742408,0.538751858,0.81137704,0.795494266,5.62002272
0.495975027,0.975846413,0.497633157,0.278791417,1.4734795699999998,5.240696224
0.743642724,0.437107039,0.418788485,0.020486595,0.8558955239999999,5.279741164
0.86038308,0.803504498,0.74651086,0.023128387,1.550015358,7.921928818
0.311464959,0.474453272,0.909741268,0.384629816,1.38419454,5.940087153
0.571152968,0.9146943,0.738638711,0.856666282,1.653333011,7.922595434
0.125664445,0.544071134,0.697370826,0.954988048,1.24144196,4.772093958
0.346556852,0.515854298,0.684937937,0.566023777,1.2007922350000002,5.088244632
0.380314937,0.86219763,0.182975594,0.315904643,1.045173224,3.90557269
0.335672254,0.668154602,0.287797609,0.187104342,0.955952211,3.556634961
0.886993297,0.460883129,0.225415154,0.321438589,0.686298283,3.847798446
0.755808288,0.225677452,0.59792104,0.025109538,0.823598492,2.71951192
0.187444754,0.004768378,0.301187808,0.920487119,0.305956186,2.194219529
0.503478838,0.407229844,0.294249258,0.927353579,0.701479102,3.08338784
0.761913315,0.526107124,0.824861674,0.458428658,1.350968798,4.932728822
0.493774063,0.236910225,0.923651859,0.258750675,1.160562084,6.363208227
0.243751793,0.817352117,0.768545638,0.427106808,1.585897755,5.038200249
0.975735033,0.132530977,0.851422677,0.781723087,0.983953654,6.614245841
0.773398539,0.331371591,0.231914043,0.37769082,0.563285634,2.727012052
0.719574748,0.826518632,0.646438892,0.186092731,1.472957524,7.463348551
0.580401267,0.462673105,0.199703928,0.368083902,0.662377033,5.246558585
0.632917112,0.476643778,0.971392822,0.0462264,1.4480366,4.986274204
0.909557902,0.236564211,0.213707188,0.762232807,0.450271399,3.128674981
0.992177507,0.58912362,0.923441933,0.01221052,1.512565553,8.402302162
0.684419045,0.41646637,0.835964569,0.428898093,1.252430939,6.241784547
0.566160017,0.119903567,0.717951207,0.706371801,0.8378547740000001,4.645532076
0.561911458,0.335650018,0.458849782,0.422758693,0.7944998,4.881775535
0.158022986,0.086808616,0.192447014,0.852444386,0.27925563,0.557399619
0.43161725,0.800936389,0.100258205,0.22771359,0.901194594,2.384029526
0.647552433,0.563023837,0.171640817,0.794531012,0.734664654,2.956929824
0.134797895,0.795035044,0.369223328,0.312617116,1.164258372,5.465146396
0.324972106,0.3405876,0.696367694,0.240262201,1.036955294,3.693271336
0.776211508,0.913150573,0.61283597,0.105118229,1.5259865430000001,5.208260517
0.627778874,0.314052697,0.828000373,0.782078811,1.14205307,6.666498333
0.145015589,0.697381466,0.895348664,0.25010111,1.59273013,5.45138882
0.771302397,0.300321575,0.616821124,0.307847932,0.917142699,4.461845256
0.82414867,0.665807035,0.614000651,0.142172881,1.279807686,4.707848692
0.87663608,0.163304461,0.047902887,0.191151477,0.21120734800000002,2.965185827
0.783642524,0.648141471,0.017342747,0.017289653,0.665484218,4.149046472
0.633292442,0.125421881,0.610462152,0.24035191,0.735884033,3.53424328
0.40883158,0.116194796,0.963093605,0.973764454,1.079288401,3.824889519
0.257466478,0.958594447,0.818057397,0.724228606,1.7766518439999999,4.770845864
0.410578701,0.779349272,0.519613678,0.660582139,1.29896295,5.805718224
0.712185407,0.094105004,0.377621093,0.167089189,0.471726097,5.813665478
0.200824277,0.503322299,0.018992989,0.963967602,0.522315288,2.391910316
0.052571514,0.68205384,0.26888805,0.106767593,0.95094189,3.835178683
0.197907603,0.104754269,0.056906453,0.728557744,0.161660722,1.084265041
0.008199141,0.22148054,0.704682031,0.152140855,0.9261625710000001,3.849144631
0.213156467,0.449234285,0.867423062,0.302596427,1.316657347,5.010691578
0.438281233,0.096155254,0.360634994,0.841280066,0.456790248,2.901756847
0.845081671,0.162228391,0.345509298,0.831188159,0.507737689,2.757878858
0.776185797,0.777783267,0.071087901,0.342406566,0.848871168,2.929379714
0.945224722,0.898228801,0.423031983,0.095665927,1.3212607840000001,6.388502436
0.535903333,0.904397191,0.294879267,0.308864146,1.199276458,5.062677552
0.505191555,0.195868959,0.144727249,0.48949721,0.340596208,1.00247654
0.778831252,0.975803687,0.382718198,0.391989327,1.358521885,5.46451494
0.829917365,0.646628444,0.769922119,0.4706232,1.416550563,6.329335509
0.029113798,0.115281183,0.376017335,0.085105908,0.491298518,2.623923967
0.566872679,0.21612202,0.626535211,0.929399822,0.842657231,4.446919809
0.248430388,0.089662926,0.950192468,0.994495931,1.039855394,4.399009347
0.460677261,0.145333661,0.710180793,0.421833607,0.855514454,2.605862793
0.577296711,0.042783809,0.334954541,0.808596171,0.37773835,2.893173572
0.632531947,0.672504642,0.605036876,0.641124327,1.277541518,6.231924569
0.53342794,0.757747125,0.369492564,0.475238339,1.127239689,7.016180006
0.209210491,0.321888962,0.055015078,0.325527634,0.37690404,2.050481616
0.093384098,0.22045513,0.249541747,0.227470208,0.46999687700000004,2.77041127
0.144876105,0.731501357,0.342654855,0.122365234,1.0741562119999999,4.788536246
0.179648175,0.058056321,0.163292142,0.419994812,0.221348463,-0.626068295
0.641500885,0.005205979,0.793290653,0.335687778,0.798496632,4.3471643
0.032673172,0.393788243,0.019610501,0.816345535,0.413398744,1.155507737
0.674547908,0.277066163,0.135351114,0.930295339,0.41241727699999997,2.261729236
0.890631047,0.306599402,0.829835334,0.941682333,1.136434736,6.876935429
0.904131051,0.335085743,0.324599999,0.995732672,0.659685742,5.738640103
0.228618346,0.837202027,0.342457878,0.979243374,1.179659905,3.41420466
0.904919301,0.573673511,0.294151352,0.197525006,0.867824863,4.551470351
0.671515725,0.741788635,0.170383213,0.535887993,0.9121718480000001,4.67492772
0.208224211,0.552962317,0.275913722,0.535054557,0.828876039,2.399438854
0.899942537,0.338102825,0.610334603,0.121932987,0.948437428,3.138995783
0.272040339,0.95653159,0.394154266,0.607406557,1.350685856,4.775229488
0.861476203,0.804332918,0.245635312,0.911048508,1.04996823,4.0144017
0.752573121,0.457868785,0.835459394,0.465485967,1.293328179,4.28213122
0.226545532,0.994374835,0.334177603,0.160305217,1.328552438,5.674823011
0.045069827,0.066408751,0.297518779,0.047400975,0.36392753,3.114922317
0.691128886,0.519586441,0.80516639,0.662486801,1.324752831,6.690608902
0.2196338,0.867694286,0.336961327,0.447640343,1.204655613,4.806159691
0.052029812,0.704573717,0.540074081,0.676140082,1.244647798,4.812160114
0.406913908,0.192649762,0.419682631,0.653491412,0.612332393,2.992899664
0.6634572,0.52515973,0.416367222,0.105549684,0.941526952,5.017031472
0.155108093,0.582187183,0.730247078,0.946495612,1.312434261,4.846464139
0.396905539,0.18295194,0.87794051,0.824077224,1.0608924499999999,4.103493954
0.057290039,0.556719442,0.235013562,0.119685197,0.791733004,4.002444437
0.211581375,0.500811698,0.526096348,0.213282004,1.026908046,4.778744791
0.052819898,7.24e-05,0.880321932,0.415588702,0.880394332,6.28441792
0.49630736,0.431108295,0.295912141,0.081688938,0.727020436,2.650980891
0.608470265,0.762786347,0.540825518,0.758255844,1.3036118650000001,4.223450481
0.583239932,0.882603227,0.217960208,0.227668938,1.100563435,6.027893566
0.812056785,0.24804633,0.331569804,0.6317694,0.579616134,3.58934222
0.62401097,0.496430032,0.773651309,0.845888647,1.270081341,7.188704518
0.611525078,0.612584105,0.449646899,0.027614045,1.062231004,6.873404157
0.063697719,0.437785249,0.849485249,0.596802018,1.287270498,3.466062531
0.188007972,0.26195315,0.163132153,0.842688762,0.425085303,0.956975604
0.56232631,0.141128613,0.123988908,0.347583363,0.265117521,0.362705641
0.328853234,0.600932787,0.315990156,0.768735869,0.916922943,3.573866799
0.324785858,0.669193129,0.60293211,0.119515618,1.2721252390000002,4.347815546
0.309221463,0.631870432,0.12987028,0.670565923,0.761740712,1.092652913
0.274889988,0.747443994,0.187909855,0.152237939,0.935353849,3.643656438
0.861300356,0.492365541,0.516715609,0.114762617,1.00908115,6.548396217
0.333783405,0.516230644,0.700872219,0.499270357,1.217102863,4.049668217
0.377392332,0.028087992,0.426152275,0.085002629,0.45424026700000003,3.789034289
0.985154683,0.857354257,0.236455713,0.375962431,1.0938099700000001,6.185066364
0.763868378,0.033457128,0.03862277,0.117117868,0.072079898,1.7180472
0.414546617,0.848925629,0.28405789,0.48925203,1.132983519,3.454261357
0.545201197,0.316799978,0.152542769,0.540603419,0.469342747,2.181751126
0.93930446,0.539890611,0.174915305,0.720642547,0.714805916,6.326337453
0.77164479,0.457289111,0.132661956,0.037211036,0.589951067,3.05656394
0.27436829,0.952248622,0.501836337,0.503015384,1.454084959,5.982440731
0.950705819,0.732895865,0.518727838,0.120257139,1.251623703,5.900711121
0.432166605,0.362258821,0.558138007,0.076343975,0.9203968280000001,3.085244842
0.511103087,0.028501381,0.059551954,0.376341458,0.088053335,2.035638994
0.385469627,0.241750516,0.187770297,0.404679831,0.429520813,3.896520231
0.349639367,0.434873629,0.830002947,0.932806182,1.264876576,6.389044051
0.29264205,0.566518274,0.137414426,0.349712185,0.7039327,4.443541604
0.379068144,0.114151346,0.561812912,0.641593734,0.675964258,3.490858646
0.195138662,0.207202149,0.947419519,0.864640838,1.1546216679999999,4.79900475
0.841407237,0.209692145,0.874028823,0.86730751,1.083720968,6.335686676
0.508373314,0.929774264,0.679149996,0.660519105,1.60892426,6.300048146
0.268831565,0.978415372,0.447509646,0.311450097,1.425925018,4.771462806
0.607704813,0.342241308,0.303791591,0.214506685,0.646032899,1.863460406
0.625710907,0.505693638,0.234848411,0.055124526,0.740542049,4.726269467
0.73849593,0.188253189,0.266643619,0.014112194,0.454896808,3.15801112
0.874445718,0.242060835,0.953958198,0.164346838,1.196019033,4.68905798
0.867709968,0.426608339,0.267828939,0.692813763,0.694437278,2.268150003
0.890605177,0.841561545,0.085797035,0.798618747,0.92735858,6.420739798
0.492069619,0.56815335,0.67979674,0.266726943,1.24795009,6.483389533
0.4748675,0.405541805,0.90280156,0.79790311,1.308343365,6.160969453
0.836651825,0.041810601,0.606529391,0.697636882,0.648339992,2.757855558
0.271956435,0.425630351,0.039029138,0.094094128,0.46465948900000004,1.712138713
0.582411764,0.201229291,0.448202724,0.47207726,0.649432015,2.529243284
0.142520783,0.624300057,0.992820108,0.650391748,1.617120165,5.764787089
0.821440297,0.431537721,0.083700209,0.599824583,0.51523793,3.055420384
0.416781747,0.31829425,0.642853948,0.431034673,0.961148198,3.634579988
0.215675566,0.500445274,0.789184227,0.009743265,1.289629501,3.695654411
0.115881759,0.604049424,0.836807635,0.228482966,1.4408570589999998,6.129847648
0.774052926,0.175577479,0.152561143,0.905045869,0.328138622,2.934429796
0.736573363,0.843968628,0.539425781,0.488405499,1.383394409,6.711307511
0.717017969,0.390937305,0.095168247,0.135596885,0.486105552,4.12241904
0.051717662,0.711619337,0.943681528,0.129259547,1.655300865,7.115966854
0.302456598,0.236965018,0.852622608,0.909353692,1.089587626,6.389528918
0.632647537,0.175937634,0.789759436,0.881239888,0.96569707,5.878011918
0.652966984,0.876417698,0.015374906,0.855735262,0.891792604,4.455802633
0.414015385,0.522615847,0.824062008,0.72212955,1.3466778549999998,5.279780894
0.487652326,0.899257713,0.232342204,0.095701696,1.131599917,3.312715256
0.702211712,0.568386027,0.262536545,0.29595306,0.830922572,4.749986693
0.272958342,0.499621212,0.33207435,0.510438176,0.8316955619999999,3.081017109
0.198060478,0.73399834,0.385727537,0.232566191,1.119725877,6.138652416
0.401700477,0.115870165,0.708047964,0.279971989,0.823918129,3.478650331
0.62369304,0.962574371,0.191101201,0.284172057,1.153675572,5.179592496
0.718292906,0.449330997,0.734773397,0.413385123,1.184104394,6.008336545
0.156416754,0.522048247,0.262664414,0.633593436,0.7847126609999999,1.456402024
0.853721033,0.771362591,0.147933233,0.591091963,0.919295824,3.848165604
0.514440912,0.113947282,0.503247394,0.43289899,0.617194676,1.397052971
0.582535572,0.324872333,0.235556687,0.735901275,0.5604290199999999,3.35641851
0.805288255,0.979161006,0.441238716,0.812392386,1.420399722,6.499695156
0.797303502,0.962467159,0.517023394,0.255719804,1.479490553,7.293865018
0.916626829,0.324572539,0.497003731,0.433431551,0.82157627,4.069797496
0.76525826,0.935158319,0.636774677,0.957138222,1.5719329960000001,5.823564614
0.563937277,0.685506985,0.71497633,0.755847451,1.400483315,5.722338153
0.88219458,0.131705562,0.278535714,0.468714001,0.410241276,3.686904675
0.295284182,0.907825645,0.451846832,0.100337334,1.359672477,4.038438495
0.965453896,0.34632765,0.554643585,0.583070603,0.900971235,5.570313754
0.151838274,0.841254064,0.721609501,0.034920096,1.562863565,6.20412983
0.028033767,0.496439947,0.599413118,0.634879706,1.095853065,4.763356346
0.297057019,0.84456586,0.452221213,0.66693986,1.296787073,4.579230802
0.724041166,0.795500589,0.636069507,0.800780609,1.431570096,6.465999877
0.904418842,0.32788822,0.971972827,0.057666996,1.299861047,7.908895547
0.495224558,0.23047607,0.535148049,0.06595466,0.765624119,3.122501
0.854465442,0.140972413,0.325352187,0.631123271,0.4663246,3.395013246
0.415003027,0.338450898,0.482669896,0.373195954,0.821120794,5.782064731
0.198812796,0.07924659,0.467657068,0.845403935,0.546903658,2.8100403
0.658725498,0.42022316,0.871381022,0.363313546,1.291604182,7.0069183
0.399112227,0.541948441,0.774945641,0.967857083,1.316894082,5.824330714
0.529097061,0.132268642,0.03050372,0.74795062,0.162772362,2.583948754
0.595403283,0.072432645,0.061727979,0.314547364,0.134160624,2.139696705
0.003866484,0.842682903,0.468579766,0.995707682,1.311262669,4.190680928
0.500776308,0.627058128,0.314551999,0.303356104,0.9416101270000001,3.900650613
0.545400216,0.081671265,0.446859659,0.32172442,0.528530924,2.894833249
0.381445614,0.901495302,0.18953043,0.930546574,1.091025732,4.883287234
0.120241602,0.50215017,0.267918187,0.749036497,0.770068357,2.842978563
0.062736511,0.41754622,0.887136203,0.407826993,1.304682423,4.909918206
0.113382571,0.866916627,0.502431763,0.947572168,1.36934839,4.917687252
0.769225684,0.972113896,0.72934701,0.577273336,1.7014609059999999,7.646680174
0.042525088,0.432545709,0.412480458,0.823062258,0.845026167,4.595856756
0.742644852,0.037563613,0.886365328,0.667942596,0.923928941,4.216862157
0.265507722,0.18440104,0.585645136,0.410238675,0.770046176,4.505370393
0.906774551,0.295651546,0.649900357,0.422722192,0.945551903,4.873884857
0.615432673,0.363702566,0.013726045,0.472279981,0.377428611,2.041825393
0.628169658,0.526496365,0.500348743,0.936879208,1.0268451079999998,4.688930813
0.713933967,0.577540711,0.252369314,0.008162767,0.829910025,2.815382702
0.32029423,0.196727846,0.570003822,0.534949817,0.766731668,2.87594296
0.800544526,0.731157146,0.687882866,0.502675247,1.419040012,6.410219885
0.428027729,0.499181835,0.447847596,0.004474627,0.947029431,3.548220526
0.257392775,0.044658824,0.503468609,0.920547383,0.548127433,3.959718081
0.013741593,0.587748087,0.542986237,0.015706349,1.130734324,3.138525127
0.836394642,0.452638446,0.124387267,0.155920484,0.577025713,3.361001121
0.328665995,0.025705232,0.636018496,0.032352926,0.661723728,2.674488585
0.158768248,0.143277911,0.761562946,0.093445456,0.9048408569999999,5.04491435
0.447015569,0.140083691,0.746936028,0.487745851,0.887019719,2.959159702
0.038115875,0.855198388,0.153810954,0.925634736,1.0090093420000001,3.672321526
0.510783038,0.023694076,0.72913891,0.213771285,0.7528329859999999,5.206073691
0.661787046,0.283619146,0.260908589,0.170479213,0.544527735,4.625769714
0.438476749,0.276945611,0.952819512,0.802240832,1.229765123,5.695955642
0.802448656,0.120126744,0.672163777,0.324151575,0.792290521,6.382264561
0.961657129,0.780359591,0.565558837,0.745533208,1.345918428,5.574944826
0.279945179,0.04063404,0.677203045,0.142591435,0.717837085,2.839027971
0.666754543,0.891294006,0.609363637,0.217724679,1.5006576429999998,5.905726218
0.667620069,0.195317522,0.732171796,0.763824237,0.927489318,5.107151247
0.858801239,0.224739838,0.537737494,0.894164184,0.762477332,2.428840019
0.806874314,0.222093022,0.572780581,0.324042715,0.794873603,5.519682941
0.522609647,0.625488805,0.617670024,0.736435821,1.243158829,6.623641893
0.061877768,0.94837685,0.406444912,0.170097012,1.354821762,4.306479204
0.783991415,0.420353809,0.599914514,0.226197261,1.020268323,6.486899254
0.400939965,0.754040439,0.431722995,0.754871289,1.185763434,5.364649429
0.385619862,0.440063331,0.520715994,0.003510696,0.9607793250000001,3.197419052
0.847137147,0.760940303,0.07715158,0.634897665,0.838091883,3.594672
0.534203669,0.161481628,0.853452347,0.614815222,1.014933975,4.459370162
0.641253861,0.892198211,0.733706402,0.115202308,1.6259046129999999,7.22268104
0.61070268,0.631351864,0.795162131,0.304419139,1.426513995,7.236696739
0.201816137,0.457176083,0.409843362,0.084101843,0.8670194449999999,4.086540985
0.119927583,0.554508397,0.187266526,0.325602199,0.7417749229999999,2.03217088
0.57184922,0.519583292,0.944362744,0.437351391,1.4639460359999998,6.592748928
0.577854005,0.405335482,0.346072074,0.903377983,0.751407556,3.14279894
0.251713564,0.519468861,0.249770894,0.240668897,0.769239755,4.643187969
0.689309254,0.781043608,0.323611973,0.409296651,1.1046555809999998,4.631759127
0.016303199,0.332830955,0.307594384,0.543451695,0.640425339,2.194101802
0.040516736,0.842771355,0.557127806,0.587666927,1.399899161,4.554448752
0.128283106,0.276643565,0.23005181,0.468839958,0.506695375,0.807186199
0.727862975,0.053039206,0.42612942,0.924274335,0.479168626,3.240326572
0.817622719,0.111979807,0.289681668,0.735396889,0.401661475,3.951784536
0.443152663,0.668914,0.770968303,0.897508709,1.439882303,5.806170267
0.642609699,0.38146028,0.927049865,0.480683693,1.308510145,4.48676897
0.939471258,0.001961282,0.331971091,0.83820557,0.333932373,3.00408506
0.348386385,0.587816414,0.404675817,0.329503616,0.992492231,3.367978212
0.313045472,0.924162029,0.959672931,0.098830597,1.88383496,7.289615612
0.657762688,0.630968665,0.032843346,0.273453916,0.6638120110000001,4.305164423
0.495806829,0.023888345,0.526515555,0.847804881,0.5504039000000001,2.469132434
0.898625955,0.527332385,0.46696759,0.244344628,0.994299975,5.091611878
0.799857175,0.863574864,0.225944966,0.097902932,1.08951983,5.140580223
0.913151177,0.916576766,0.528631471,0.642105219,1.4452082370000001,5.262883123
0.275287785,0.537750978,0.880768886,0.484139728,1.418519864,6.039837867
0.055536435,0.964653993,0.492427223,0.160270429,1.457081216,4.680585116
0.51330734,0.138514309,0.196646825,0.915896905,0.335161134,1.272432908
0.122302108,0.278997905,0.635584342,0.259753648,0.914582247,2.278162032
0.701214567,0.193078574,0.324955543,0.283936436,0.518034117,3.238988918
0.135685105,0.144913495,0.967491685,0.726850883,1.11240518,5.396579501
0.57153993,0.331008759,0.16392685,0.483356295,0.494935609,3.282808711
0.777469827,0.528439484,0.194850346,0.814190703,0.7232898299999999,2.741617166
0.528914011,0.042469198,0.369180944,0.671873171,0.411650142,2.320880182
0.524879992,0.538839169,0.909355112,0.466629374,1.448194281,6.762378067
0.145937294,0.27560864,0.798954018,0.255108329,1.074562658,5.507325224
0.07838169,0.20214542,0.619142826,0.098138754,0.821288246,4.747386468
0.449100203,0.279575251,0.873900252,0.673158147,1.1534755030000001,5.448457086
0.670197638,0.198379237,0.920258913,0.153731989,1.11863815,6.692768959
0.242406504,0.942166482,0.324467196,0.589636563,1.266633678,3.209825266
0.479372056,0.608836289,0.770696189,0.557067494,1.379532478,6.376660472
0.859081505,0.298556745,0.340166934,0.029573851,0.6387236789999999,5.566926687
0.971530928,0.736102699,0.99258552,0.454352076,1.728688219,8.080269355
0.161208272,0.422006464,0.643613873,0.450312058,1.065620337,5.538833008
0.31684261,0.676067757,0.395193721,0.448404945,1.071261478,5.598267501
0.26939083,0.615931615,0.845770557,0.807150627,1.461702172,6.39498391
0.051089771,0.27682779,0.176403405,0.027710749,0.45323119500000003,3.31377829
0.52081139,0.650318979,0.377895233,0.204282922,1.028214212,4.213964517
0.752366306,0.694951688,0.856984557,0.263867025,1.5519362449999998,6.788530488
0.488437404,0.321582583,0.686420987,0.134234205,1.00800357,6.211952933
0.036619174,0.388179849,0.607320346,0.424364087,0.995500195,4.056254118
0.038800615,0.867160508,0.077657127,0.287746322,0.944817635,1.746766955
0.011813637,0.094023881,0.851883929,0.775814848,0.94590781,3.740333609
0.689296203,0.074530084,0.298657434,0.006573278,0.373187518,5.776788567
0.037887596,0.198934004,0.056283547,0.016883784,0.255217551,-1.47109206
0.798853924,0.056311005,0.984549234,0.657583236,1.0408602390000001,7.027031957
0.660700958,0.77687374,0.300778855,0.257324699,1.077652595,4.346463302
0.563154353,0.505663258,0.177255246,0.230648523,0.682918504,3.880758227
0.409918041,0.962512294,0.552822356,0.431711664,1.51533465,6.74387911
0.091613851,0.271781991,0.346394436,0.853502618,0.618176427,1.035719818
0.304714175,0.872563358,0.062556665,0.49346694,0.935120023,1.919220939
0.312194314,0.069171072,0.257160309,0.483771772,0.326331381,0.990677608
0.415671856,0.093124618,0.014273543,0.877612648,0.107398161,1.069973407
0.292824576,0.664045374,0.84450443,0.321262737,1.5085498039999998,4.273301846
0.472131293,0.051013033,0.408363003,0.029848052,0.459376036,3.387013257
0.7621838,0.33929233,0.23474043,0.400327169,0.5740327599999999,4.073437992
0.370794409,0.918714429,0.404525144,0.741399491,1.323239573,5.414167766
0.533681076,0.493733963,0.591231947,0.67988749,1.08496591,5.13827649
0.229967247,0.381534111,0.057182788,0.62418128,0.438716899,0.514390068
0.396197109,0.971751081,0.597875245,0.211246709,1.5696263259999998,5.783244004
0.640045546,0.666272832,0.638041808,0.189613969,1.3043146399999999,5.872754336
0.241463051,0.732993916,0.499354524,0.671255574,1.23234844,5.452843345
0.56406952,0.471141041,0.402515097,0.53626287,0.873656138,4.282604257
0.786445503,0.912759237,0.812365036,0.821895567,1.725124273,9.227788079
0.175649116,0.995812729,0.65718579,0.420927064,1.652998519,6.591926901
0.582351273,0.993624509,0.752073694,0.367510709,1.745698203,7.208432236
0.730109972,0.312990778,0.884175241,0.140764916,1.197166019,6.388292659
0.636274191,0.479139119,0.678155898,0.997353681,1.157295017,7.037385709
0.758968859,0.817424509,0.282201441,0.255156052,1.09962595,3.972176153
0.393856758,0.507819068,0.211584202,0.493800475,0.7194032699999999,2.797423405
0.882883392,0.666762262,0.288130464,0.873245118,0.954892726,4.568884403
0.23180719,0.134597309,0.961668858,0.087979154,1.096266167,4.043323223
0.202177272,0.868280395,0.194526694,0.736479759,1.062807089,2.830722495
0.938112249,0.663324999,0.415120865,0.96248251,1.0784458639999999,6.124622162
0.384073729,0.162475503,0.721089316,0.596332944,0.8835648190000001,3.683156841
0.249961835,0.220382128,0.495841865,0.047289313,0.7162239930000001,3.75553346
0.736623944,0.621229903,0.818596145,0.744824955,1.439826048,6.15086846
0.569569134,0.438416727,0.361300044,0.992381586,0.7997167709999999,2.637569413
0.251070073,0.532866059,0.095231933,0.74527328,0.6280979919999999,3.679713329
0.168883373,0.162421463,0.015228865,0.777880253,0.177650328,2.684358678
0.485025892,0.305964756,0.391611653,0.884088492,0.6975764090000001,3.679071519
0.02956474,0.21572445,0.520685633,0.007682918,0.736410083,3.312130688
0.697863982,0.448062857,0.94863896,0.910766568,1.396701817,8.271239419
0.37771593,0.918171731,0.579257595,0.369721908,1.497429326,6.335630921
0.924504108,0.673493065,0.230903578,0.819260516,0.9043966429999999,5.958140567
0.69804658,0.486353616,0.940864904,0.068375241,1.42721852,7.331733943
0.194568262,0.221000507,0.235427618,0.152850205,0.456428125,3.313825421
0.218155748,0.235453481,0.197388262,0.39868722,0.432841743,2.243334406
